<?xml version="1.0" encoding="UTF-8"?>
<project-private xmlns="http://www.netbeans.org/ns/project-private/1">
    <editor-bookmarks xmlns="http://www.netbeans.org/ns/editor-bookmarks/2" lastBookmarkId="0"/>
    <open-files xmlns="http://www.netbeans.org/ns/projectui-open-files/2">
        <group>
            <file>file:/R:/Desktop/tecnologie%204AI/Es1_verifica/src/es1_verifica/Es1_verifica.java</file>
            <file>file:/R:/Desktop/tecnologie%204AI/Es1_verifica/src/es1_verifica/Semaforo.java</file>
            <file>file:/R:/Desktop/tecnologie%204AI/Es1_verifica/src/es1_verifica/Cane.java</file>
            <file>file:/R:/Desktop/tecnologie%204AI/Es1_verifica/src/es1_verifica/DatiCondivisi.java</file>
            <file>file:/R:/Desktop/tecnologie%204AI/Es1_verifica/src/es1_verifica/Manichino.java</file>
        </group>
    </open-files>
</project-private>
